"country_name_en","sat_model_est_wealth_log","mean_educ","gender_equality","language_diversity","cultural_hegemony","working_percent_un","mean_voice_account","mean_capture_production_log","mean_aquaculture_production_log","unit_exports_log","unit_imports_log","pp_eez_weighted","eez_total","inland_water_max","LAT_ZONE","fish_relative_caloric_price","affordability_response","catch_quality_response","consumption_response","export_response","reliance_response","total_livelihood_response","total_production_response","women_livelihood_response"
"Afghanistan",0.990281292443192,NA,0.5748,0.79,0,0.526442988256708,-1.18839835578745,7.16035171342469,8.01424554564209,NA,0.693147180559945,NA,NA,21.47,"Tropical",NA,NA,205.0253204,0.063333333,NA,NA,NA,NA,NA
"Angola",1.2891970199858,0.1586354,0.8281,0.748,0,0.506151651928427,-1.10596740787679,12.7955992100701,5.79799011851643,1.7322714946752,1.0788652096387,1366.52,490684,48.73,"Temperate",2.38,0.420168067226891,186.7956367,6.733333333,177395643.461605,2.38,435,6562.80991735536,2.750001
"Albania",2.37406736927669,0.431016366666667,0.7632,0.503,0,0.687045670611972,0.132094504311681,8.81650959453908,7.998365942896,2.11887937830812,1.38714109767195,505.05,11105,5.45,"Temperate",10.62,0.0941619585687382,158.5690669,1.493333333,9509116.61851665,10.62,19,1619.79545454545,0.480001
"Andorra",NA,0.48033355,NA,0.671,0.628382927,NA,1.2673225402832,0,0,1.54611077848283,2.21573094104253,NA,NA,NA,"Temperate",NA,NA,NA,NA,NA,NA,NA,NA,NA
"United Arab Emirates",4.52893102904159,0.5307051,NA,0.707,0.999982306,0.849027129312474,-1.00007912245664,11.2764375910871,6.68619002695263,1.4093907657874,1.32554648982047,1076.45024179073,56826,0,"Tropical",5.71,0.175131348511384,104.4676872,6.48,9586339.5679994,5.71,52,3624.49132231405,0.660001
"Argentina",2.45134425190842,0.52246957,0.9893,0.165,0.087125594,0.640600174354671,0.387259832837365,13.6822638001521,8.05800893024291,1.33122737108746,1.4879714448928,1190.95,1082467,250.48,"Temperate",NA,NA,109.2053424,1.89,3096738939.84614,NA,53,36600.2535416667,5.760001
"Armenia",2.21907903564777,0.9103753,0.743,0.053,0,0.690426000637827,-0.616637971590866,7.75677892207661,9.03536991136384,1.74592633635715,0.992233644408143,NA,NA,1.76,"Temperate",8.6,0.116279069767442,137.0216086,1.826666667,4815250.63627596,8.6,NA,NA,NA
"Antigua & Barbuda",NA,NA,NA,0.515,0.511111111,0.692682561904864,0.585727426138791,8.12552339796644,2.36712361413162,1.8884383404351,1.57938737875353,261.21,107939,NA,"Tropical",14.18,0.0705218617771509,105.466749,13.64666667,1887.43707197653,14.18,11.4,490.421607378129,0.690001
"Australia",2.66553200699504,0.718427681818182,0.839,0.274,0.148432674,0.662580410010672,1.4037681276148,12.0926998125723,11.2039415502664,2.9896262793012,1.72279647988677,450.204692879431,9031961,239.6,"Tropical",5.24,0.190839694656489,137.8647414,6.283333333,530995927.287503,5.24,166,2799.78670222222,11.700001
"Austria",2.05554881030227,0.76546853,0.883,0.234,0,0.670394888984679,1.3931922045621,5.85037217464853,7.94680734128515,1.96151181010624,1.9899032248347,NA,NA,1.13,"Temperate",5.28,0.189393939393939,138.7614186,3.96,12169269.6366083,5.28,NA,NA,NA
"Azerbaijan",2.2718221004164,0.87529705,0.73635,0.202,0,0.713895656133736,-1.41375314105641,7.27441655672628,6.48742108091693,1.89919707726936,0.697402016358787,NA,NA,3.26,NA,7.1,0.140845070422535,148.1655521,0.51,1381434.28711002,7.1,NA,NA,NA
"Burundi",0.979812816987874,0.0526439,0.8338,0.007,0.99985054,0.523834959607419,-1.10687151822177,9.62579781425579,5.74428441796553,1.8700681726523,0.555797976135346,NA,NA,3.69,NA,8.57,0.116686114352392,240.3341236,NA,2850745.53219557,8.57,NA,NA,NA
"Belgium",3.46782435124096,0.62913937,0.9432,0.7,0.69548379,0.648535236439698,1.36299807375128,10.0918589538782,5.40103803724285,1.98181390348452,2.03965131622724,1755.6,3479,10.69,"Temperate",4.91,0.203665987780041,112.131952,6.58,308770500.892631,4.91,2.1,40608.7878787878,0.018001
"Benin",1.39177283720096,NA,0.662,0.933,0.997483192,0.537351968549055,0.279300670054826,10.6182205289601,7.12635470318988,0.720413530512113,0.41923361877242,745.47,30286,3.95,"Tropical",7.34,0.136239782016349,161.202742,5.5,2206058.85558304,7.34,298,1107.00157894737,1.900001
"Burkina Faso",0.986193113662294,0.0242995,0.69705,0.721,0.986370484,0.520181754171145,-0.190743578089909,9.68286355175977,5.49043922794028,0.238296228733496,0.158083720580887,NA,NA,22.64,NA,13.19,0.0758150113722517,167.4932733,2.21,7429058.68129947,13.19,NA,NA,NA
"Bangladesh",1.94502404322627,0.252711383333333,0.531,0.318,0,0.65618576998441,-0.457984810525721,14.2862809954102,14.2238040261249,2.11370916036279,0.496342851009189,1743.28,84846,119.48,"Tropical",12.89,0.0775795190069822,122.5650577,6.876666667,28868628334.973,12.89,15800,1109.09782467533,140.000001
"Bulgaria",2.73105448599515,0.707594436363636,0.86055,0.226,0,0.657074791183403,0.432773955843665,9.11576991850686,9.0230945910666,1.48812255514308,1.12354986586458,906.04,35132,1.72,"Temperate",5.56,0.179856115107914,163.4895643,2.166666667,16858302.9082936,5.56,12,4699.46901719903,0.074001
"Bahrain",NA,0.4807579,NA,0.658,0.985503245,0.768259427212682,-1.20614958893169,9.66011230461594,1.43633914917494,1.18430515386736,1.26471933623886,1048.79,8826,0,"Tropical",3.58,0.279329608938547,125.0494664,NA,525838.168717179,3.58,148,248.916678210678,1.260001
"Bahamas",4.53351088999514,0.8089656,NA,0.509,0.54883043,0.693182789951897,0.948327026583932,9.53226317971074,2.69046894312115,3.4147153264794,1.86809275048766,380.91,628026,1.51,"Tropical",8.2,0.121951219512195,127.9075891,7.19,858735.204688568,8.2,63,363.433705741626,3.800001
"Bosnia & Herzegovina",2.39550142236725,0.49327302,0.87435,0.694,0,0.702776784719723,-0.108429426877675,5.72358510195238,8.63451066416958,1.46275806975639,1.35753310518922,390,14,1.78,"Temperate",3.03,0.33003300330033,147.4529636,1.546666667,3199892.40276875,3.03,NA,NA,NA
"Belarus",1.52302265095737,0.8204098,0.8802,0.411,0,0.694135998128699,-1.49286935546181,6.70508258084931,9.48932037281133,1.65115351766368,1.16903340645143,NA,NA,9.86,"Temperate",9.77,0.102354145342886,145.4064953,4.626666667,107710901.501949,9.77,NA,NA,NA
"Belize",1.95556406518265,0.3338684,NA,0.721,0.659989652,0.634808797371206,0.624447110024366,12.2544367449209,8.59820235300163,1.82620914985238,0.93324584742609,511.9,36182,2.97,"Tropical",8.3,0.120481927710843,160.4086468,3.23,1548352.0234549,8.3,23,19571.4732231405,0.660001
"Bolivia",1.68791142565943,0.3845083,0.86405,0.565,0.393344926,0.608389608869842,-0.0349391264502298,8.82445059260657,7.15266032207786,0.854415328156068,0.863658143492411,NA,NA,106.69,"Temperate",6.03,0.165837479270315,128.7265676,0.753333333,47672.978130614,6.03,NA,NA,NA
"Brazil",2.70252598852072,0.3885421,0.8711,0.099,0,0.6956613504753,0.481266663833098,13.5562424137479,12.9837633688135,1.84056645099403,1.47041147300548,511.183220992774,3646531,604.92,"Tropical",6.49,0.154083204930663,138.9829591,2.463333333,3537459249.12031,6.49,2400,1097.18380165289,495.000001
"Barbados",NA,NA,NA,0.5,0.494491501,0.670322121635877,1.10546840320934,7.77485576666552,2.41428908257405,1.51587496018062,1.5299520250039,420.29,183773,NA,"Tropical",4.03,0.248138957816377,143.2011862,11.99,10290.7461283552,4.03,43,91.8916083916085,2.600001
"Brunei",2.84173602276374,0.629979,NA,0.57,0.978245973,0.718370553897916,-0.735746459527449,8.2199381714387,6.42629279253839,1.49589366800603,1.56296616841638,822.3,25340,0.89,"Tropical",3.97,0.251889168765743,123.1774178,NA,16237.8623995665,3.97,6.6,1546.48279220779,0.280001
"Bhutan",1.35062540033568,0.0549548,0.8858,0.827,NA,0.668778721913489,-0.210959840989248,2.23683371543126,4.43204980461295,0.248696625738827,0.939472638952546,NA,NA,4.23,NA,9.07,0.110253583241455,133.900429,NA,114.967292145659,9.07,NA,NA,NA
"Botswana",1.36028813197171,NA,NA,0.397,0.976102925,0.612467676011309,0.453348888592287,5.52617705212505,2.91777073208428,0.792400258516043,1.05729066237256,NA,NA,9.63,NA,9.94,0.100603621730382,NA,1.16,65286.4020861058,9.94,NA,NA,NA
"Central African Republic",0.905226120857588,NA,0.61875,0.959,0.997419831,0.519642141374099,-1.17262653329156,10.3329384455159,4.94875989037817,NA,0.568543263640804,NA,NA,1.51,NA,9.34,0.107066381156317,142.189982,2.34,NA,9.34,NA,NA,NA
"Canada",2.9477041657189,0.822071833333333,0.817,0.603,0.41153835,0.679548883066289,1.43288415128535,13.7334939261109,12.0319605712584,2.00630011893985,1.78070582094708,523.183447114319,5768187,2122.13,"Polar",5.38,0.185873605947955,138.2688972,5.88,3370956613.15328,5.38,126,14332.8313397129,10.640001
"Switzerland",2.59652895350458,0.832802671428571,0.919,0.683,0.792529465,0.672093313365736,1.57543353600935,7.58661911838013,7.2581560358545,2.53453080322495,2.34234662514897,NA,NA,2.61,NA,5.58,0.17921146953405,136.9021455,4.436666667,3092908.48141844,5.58,NA,NA,NA
"Chile",2.711418467263,0.526425666666667,0.639,0.036,0.018502525,0.688365515158139,1.04475860704075,14.8364767345578,13.7464786402605,1.51040676596927,1.08945045753704,513.726395209692,3648534,100.13,"Temperate",4.15,0.240963855421687,164.8755774,3.496666667,3932061593.42368,4.15,127,65072.7942599681,13.110001
"China",1.94746618563067,0.22316,0.869,0.521,0,0.726143335918962,-1.61646034500816,16.5391367550819,17.4354907472831,1.67011922033913,1.02193083149763,723.671,2236430,1028.92,"Temperate",3.55,0.28169014084507,161.1729515,8.916666667,2055875186478.22,3.55,42400,7104.36421061426,1628.000001
"Côte d’Ivoire",1.52493762024213,0.1111043,0.65915,0.9,0.998578194,0.546386426195166,-0.6900151534514,11.0224979536714,7.90376419035178,1.48525674063034,0.700235311955961,754.76,173764,14.96,"Tropical",6.31,0.158478605388273,NA,5.336666667,921155780.927683,6.31,126,3996.36931818182,0.800001
"Cameroon",1.21422368269365,0.1816684,0.60085,0.974,0.992622504,0.540539907159194,-1.03141179409894,12.1365983269974,6.91725546353015,0.516015164701368,0.804122493577126,2169.41,14669,23.24,"Tropical",4.6,0.217391304347826,180.2624661,5.583333333,14514002.4271302,4.6,128,6252.81212121213,1.500001
"Congo - Kinshasa",0.947098027955487,0.2353917,0.5887,0.948,1,0.506382149476634,-1.41525453870947,12.3408816307765,7.99286776304349,1.57954614823679,0.848449613105048,2287.91,13140,89.27,"Tropical",5.39,0.185528756957328,116.1914295,NA,77947606.064562,5.39,1500,1159.10704545454,10.000001
"Congo - Brazzaville",1.57210587698414,NA,0.7967,0.821,0.997507626,0.552762683910708,-1.11720300804485,11.137436988835,4.49474636837372,1.45296765358035,1.08977868716267,2784.45,39618,17.3,"Tropical",3.35,0.298507462686567,174.3879736,8.276666667,1056999.2962577,3.35,22.1,13486.8449197861,0.255001
"Colombia",2.15265091035541,0.402095490909091,0.8819,0.019,0.00976697,0.67775643805673,-0.0244715403426776,11.4186337663378,11.3282265390178,1.37124927980592,1.18320721670294,596.107225268266,744317,82.83,"Tropical",4.54,0.220264317180617,144.049002,2.153333333,760914338.725197,4.54,610,1741.35181818182,24.000001
"Comoros",NA,NA,NA,0.551,NA,0.56964890955514,-0.356353770602833,10.2539107220672,0,1.09861228866811,0.934640302773759,393.29,164643,NA,"Tropical",5.69,0.175746924428822,149.269056,NA,586.950235997162,5.69,168,747.167464114832,10.640001
"Cape Verde",NA,0.2003714,NA,0,0,0.655488432366505,0.944553673267365,10.1267438247698,0,1.13179730727348,1.64334243830418,693.02,796555,0,"Tropical",5.01,0.199600798403194,146.4187765,3.43,3380584.95675865,5.01,93,1136.44628099174,1.100001
"Costa Rica",2.73287097567924,0.367131422222222,0.8352,0.036,0.018443968,0.691672416691678,1.08229379220442,9.75619436686375,10.1440451409845,1.80289532099241,1.1789543515211,402.159849300248,572131,11.57,"Tropical",14.4,0.0694444444444444,123.3922162,4.62,43889559.062004,14.4,13.5,5207.07095343681,0.492001
"Cuba",2.39228330263572,0.5740554,0.9792,0.001,0.000312402,0.692786003644928,-1.58044512705369,10.1499142979563,10.3438935407179,2.49136397087864,1.09027016098649,397.55,364511,32.34,"Tropical",3.13,0.319488817891374,133.2794417,1.793333333,NA,3.13,1660,56.6536636363636,250.000001
"Cyprus",3.84790056963309,0.666763,0.717,0.444,0,0.702715017480816,1.03847806020217,8.31965093062862,8.35840440856265,2.2213063416568,1.53619108992233,321.618957670663,98088,2.05,"Temperate",4.97,0.201207243460765,137.4252995,5.886666667,967882.216994296,4.97,2.1,9297.34444444444,0.018001
"Czechia",2.25326200809734,0.880896865841116,0.88685,0.072,0,0.668908416726486,1.00493589314547,8.29432233019143,9.92236461794218,1.80453382105038,1.51921279841896,NA,NA,0.34,NA,8.2,0.121951219512195,142.2410641,2.603333333,44780810.7960172,8.2,NA,NA,NA
"Germany",2.18983337294131,0.811646118181818,0.85,0.336,0,0.655644729969506,1.37748022512956,12.4486989869018,10.4825046762716,1.38873611380754,1.63347362666085,1495.53208238878,56464,32.32,"Temperate",5.63,0.177619893428064,148.2109223,4.32,5195329758.83073,5.63,6.4,145298.863636364,0.020001
"Djibouti",1.98034595118947,NA,NA,0.504,1,0.651271665802332,-1.36013693159277,7.42541206261023,0,1.99430007307531,1.73650559384779,1472.76,7037,0.76,"Tropical",5.92,0.168918918918919,112.8743813,1.396666667,19049.1020308758,5.92,3.5,2096.36363636364,0.224001
"Dominica",NA,NA,NA,0.313,0.810606061,NA,0.951837360858917,6.61338421837956,2.63905732961526,1.04276021074222,1.60589909234867,349.21,28593,NA,"Tropical",5.12,0.1953125,137.0989011,9.086666667,96.5468768155784,5.12,10.2,151.4,0.500001
"Denmark",2.24440342602937,0.74968799,0.896,0.089,0,0.641093431797627,1.56879205053503,13.4957251906116,10.4601134596447,1.58116465543642,1.2271985813171,1391.61946189127,102693,12.44,"Temperate",6.26,0.159744408945687,151.1573569,8.496666667,551652916.445249,6.26,38,63430.041969697,0.480001
"Dominican Republic",2.75509548621566,0.3463849,0.89065,0.04,0.020512005,0.646618571390362,0.134321961890567,9.53342468768436,7.44029524878211,1.46329763463491,1.5851378981733,307.78,269489,9.51,"Tropical",7.25,0.137931034482759,117.8536813,2.616666667,7390399.93455562,7.25,740,42.6707575757575,1e-06
"Algeria",2.85776546102043,0.164328,NA,0.36,1,0.654288484550703,-0.932479983026331,11.6411654426046,7.48582345787017,1.70224617302666,1.18137475510424,473.22,128843,28.78,"Temperate",7.45,0.134228187919463,210.8007802,1.283333333,23479885.5067093,7.45,170,2886.57924318182,1e-06
"Ecuador",2.48381953138755,0.37093612,0.8344,0.182,0.097045773,0.643387604581341,-0.214171170172366,13.1815474755335,12.5855255321106,1.64679689063958,0.765812776469331,576.413782624147,1072097,17.99,"Tropical",4.96,0.201612903225806,137.1104739,2.183333333,4051485330.2493,4.96,740,6856.50189393939,28.800001
"Egypt",3.93631040780681,0.403778,0.572,0.512,0.343379729,0.615843100561842,-1.14814287424087,12.805606955042,13.7530673915521,0.796078143195599,0.94067333046859,408.306142340363,260404,33.74,"Tropical",4.4,0.227272727272727,150.0978043,6.776666667,176400871.844328,4.4,3260,1715.41913875599,22.800001
"Eritrea",NA,NA,NA,0.672,0,0.533308723358556,-2.17518821629611,8.3059782109673,0,2.14148218841217,1.48289016355683,1257.14,78383,3.94,"Tropical",NA,NA,97.31694479,NA,1071592.78591081,NA,55.1,570,1.988001
"Spain",3.35658280025476,0.44879971,0.92605,0.276,0.154555788,0.664468456932315,1.07222147421403,13.7672566018278,12.5024583560825,1.5156474413863,1.63874821923224,481.975141232849,1020839,37.91,"Temperate",5.11,0.195694716242661,152.1692194,12.74,5147128362.54882,5.11,201,20030.9431192251,5.490001
"Estonia",2.29582857618656,0.863389090909091,0.859,0.473,0.999425163,0.650476306326169,1.14879276535728,11.3271050670916,6.55955085221169,0.9415671410188,1.35059371133043,2010,36512,8.29,"Temperate",7.73,0.129366106080207,151.0098222,3.206666667,9896638.01552672,7.73,18.8,14439.0047021944,0.174001
"Ethiopia",0.845528991526131,0.07846325,0.7295,0.862,0.999972605,0.543715522357003,-1.32020567763935,10.2529657528365,3.84685398253581,0.496025527732915,1.1928793769956,NA,NA,55.76,"Tropical",23.49,0.042571306939123,130.8293359,0.143333333,38251224.5840638,23.49,NA,NA,NA
"Finland",2.66628924879486,0.70751811,0.847,0.172,0,0.63361027146237,1.5345204743472,12.0144288624023,9.4870499893383,0.634332485097677,1.57980971051551,1957.04,81522,71.93,"Temperate",10.29,0.0971817298347911,155.1833703,9.366666667,6759545.96867237,10.29,157,3793.74500967117,1.410001
"Fiji",1.56484253496692,0.3770954,NA,0.632,0.992876986,0.651795006400869,-0.493586470626972,10.7055992012539,5.38804421995873,1.24177580197271,0.95968455297058,263.236,1281703,4.4,"Tropical",4.19,0.238663484486873,140.4692523,9.64,6655391.44602761,4.19,40.4,1211.39686977887,17.020001
"France",NA,0.64285908,0.9428,0.252,0.135800335,0.627664782601774,1.20622757348147,13.0746429463209,12.2322370791168,1.75384356499197,1.84346073706947,408.682608241556,3581411,57.15,"Temperate",4.56,0.219298245614035,162.9030781,8.526666667,3096228578.54619,4.56,110,20058.8262032086,1.020001
"Micronesia (Federated States of)",NA,NA,NA,0.751,0.965382951,0.637538342853994,1.07881940494884,10.621752975714,0,0.97137736216238,1.53030516157007,242.44,2992415,NA,"Tropical",NA,NA,151.2819934,NA,1263759.32374434,NA,41.5,1079.38038277512,NA
"Gabon",1.77529103962273,NA,0.5984,0.846,0.965114981,0.600404068409244,-0.91366536508907,10.4590170809955,4.50986000618377,1.3904195575357,1.12085465132777,1647.58,191944,17.03,"Tropical",3.23,0.309597523219814,162.5300249,9.696666667,610765.552055566,3.23,26,5824.36363636363,0.300001
"United Kingdom",2.83321742263736,0.756385466666667,0.825,0.154,0.080221429,0.644699467655319,1.31494888392362,13.3738939237442,12.1823837730468,1.47944213247667,1.76512529223113,396.571551142116,5204986,42.25,"Temperate",4.85,0.206185567010309,138.7835361,5.303333333,4094842878.70756,4.85,38,69859.3326818182,0.240001
"Georgia",2.06687062630686,0.9214749,0.77425,0.55,0,0.66684616493298,0.0675990412181076,10.3497106531165,6.26633766126718,0.59448133755434,1.03217428408681,1026.8,22947,3.45,"Temperate",NA,NA,201.2301281,2.1,5215257.13731255,NA,3,17643.3333333333,0.036001
"Ghana",2.04164329403546,0.2056398,0.6781,0.858,1,0.588044871517508,0.501092661510814,12.7328300455215,10.0062861529261,1.33496445703443,0.549560245435536,686.45,225661,23.65,"Tropical",4.66,0.214592274678112,157.2062615,7.963333333,520425722.490638,4.66,710,2122.60320855615,1e-06
"Guinea",1.46700719341676,0.09118835,0.5562,0.748,1,0.520865290144519,-0.958197355270385,11.6924089072154,5.30420906725268,0.633495277139031,0.686734734176498,965.3,109439,6.06,"Tropical",5.11,0.195694716242661,187.4430761,3.16,51049137.7397145,5.11,642,1461.69623059867,4.100001
"Gambia",1.49153491316432,0.2274181,0.476,0.776,0.99923944,0.528429041258761,-1.0475208894773,10.7313801612085,3.56825146632532,0.804292792236105,0.234394882422304,1367.93,22650,3.11,"Tropical",2.04,0.490196078431373,169.2208767,7.743333333,2553117.41493739,2.04,131,1477.52492668622,1.550001
"Guinea-Bissau",1.01894042403295,NA,0.789,0.859,0,0.546512303945356,-0.874377180229534,8.8121938719484,0.646627164925052,0.541947351001654,1.13018270718048,1043.68,105839,8.87,"Tropical",4.79,0.208768267223382,164.3150092,0.38,3835534.06769915,4.79,664,79.9469696969696,4.200001
"Equatorial Guinea",1.8562482540588,NA,NA,0.284,0,0.599367605844725,-1.91854631900787,8.87764825442111,2.44629181366022,1.19438500317078,1.25154081680976,933.11,308275,2.74,"Tropical",2.3,0.434782608695652,142.8295976,NA,1676.67133912563,2.3,32.6,944.665071770336,0.380001
"Greece",3.30508907937568,0.543202385714286,0.729,0.123,0,0.646191646191646,0.766419296914881,11.2240607540833,11.6451446590842,1.8752323059126,1.41916480214828,369.830872742593,493708,NA,"Temperate",8.02,0.124688279301746,157.1709029,5.206666667,275267742.230982,8.02,113,5401.29147532469,2.450001
"Grenada",NA,NA,NA,0.064,0.991869919,0.671751685629043,0.776795398105275,7.80510410394312,0,2.13811454845801,1.60128380757348,938.11,26133,NA,"Tropical",4.07,0.245700245700246,130.5256935,8.556666667,49770.6287947065,4.07,13.1,383.139204545455,0.640001
"Guatemala",2.0393417368291,0.185449025,0.7911,0.518,0.328506477,0.592610148947003,-0.308125384829261,9.89852526070631,9.88934589259476,1.61511412861546,1.23364211085108,553.541525884632,117676,7.97,"Tropical",3.93,0.254452926208651,140.3360719,0.806666667,202829771.625405,3.93,116,695.055390749602,3.420001
"Guyana",1.71619678696866,NA,NA,0.514,0.50723717,0.649246253418865,0.131628351286054,10.7142682626275,6.01133936431178,1.3228510735641,1.08693008929315,833.33,140369,11.44,"Tropical",NA,NA,122.8527086,8.193333333,7617332.90004056,NA,324,840.727818181819,12.960001
"Honduras",2.25547840441782,0.2067047,0.8343,0.039,0.01999914,0.619464991620673,-0.451390735127709,9.47313810891448,10.8001023399986,1.93845181498697,0.921513885038899,379.011742564121,218804,11.39,"Tropical",4.4,0.227272727272727,132.0119459,0.866666667,555053106.057743,4.4,78,1632.35406698564,2.280001
"Croatia",2.34696515644123,0.7057521,0.807,0.102,0,0.662130741430054,0.510410203175111,11.0247589389715,9.53031895644362,1.67714941066729,1.32334901703806,456.68,55961,5.92,"Temperate",6.8,0.147058823529412,207.6533202,5.173333333,33946169.7431573,6.8,16.1,18327.8167405765,0.328001
"Haiti",1.18374387603317,NA,0.7272,0,0.999913801,0.609877762132627,-0.731688320636749,9.64206965830085,6.39571679879094,3.14664528386805,1.03257661734524,314.12,123525,7.23,"Tropical",21.33,0.046882325363338,132.4066022,1.52,52895316.079238,21.33,710,45.7041558441557,35.000001
"Hungary",2.05014532635303,0.760359275,0.743,0.033,0,0.680825533024645,0.662898554043336,8.80343786767254,9.6448579405643,1.49942637052158,1.42655767404637,NA,NA,3.73,NA,8.63,0.115874855156431,139.6560895,1.67,5427672.9266147,8.63,NA,NA,NA
"Indonesia",2.11351947214552,0.2906035875,0.7154,0.816,0,0.671655911512873,0.0781987954925915,15.5569971689205,14.8841395807773,1.42937791248448,0.805743161801426,673.785078159334,6024450,353.85,"Tropical",5,0.2,134.134162,12.17,87386025845.4067,5,25400,1958.45517598347,440.000001
"India",2.41318209207282,0.26823,0.6975,0.914,0.999675527,0.659441643793144,0.425447794524106,15.3150344720427,15.246368349333,1.63089328780143,1.28131571067715,806.290434888304,2289197,1011.41,"Tropical",6.99,0.143061516452074,130.6890894,1.89,940659096199.356,6.99,94000,541.364943181818,800.000001
"Ireland",1.98493821407211,0.621998266666667,0.829,0.118,0.06131978,0.653362980986239,1.32685880227522,12.4103039366901,10.672097672419,1.22839357963246,1.31626828452542,661.36,409929,11.36,"Temperate",4,0.25,142.9521593,6.16,54229344.991943,4,23.2,40062.4575126262,0.216001
"Iran",2.99056591333777,0.4422732,0.417,0.638,1,0.703118543945152,-1.50947124307806,13.1483619218168,12.4507506569853,1.50315087347663,1.04350563321609,1352.50169507055,163710,115.47,"Tropical",NA,NA,136.6536204,3.16,889588862.462217,NA,1050,4252.88232323232,1e-06
"Iraq",2.92571132595794,0.2963513,0.59995,0.761,0.602876125,0.57585739048583,-1.05884575301951,10.6221208223748,9.92435467544435,0.3871383887026,0.911340051075119,1991.08,540,71.64,"Tropical",5.81,0.172117039586919,149.9509029,0.86,178509.238739251,5.81,NA,NA,NA
"Iceland",3.19081554654361,NA,NA,0.007,0,0.659735281025445,1.40548460050063,14.0232379984092,8.89345915381081,1.39431097223635,0.718103861966643,488.28,756112,6.03,"Polar",6.43,0.15552099533437,129.5206112,26.82333333,15182104.4900211,6.43,15.9,252685.675324675,0.147001
"Israel",4.07084814690592,0.782445855555556,NA,0.719,0.988253387,0.609126832926908,0.675573955882679,7.87047841934801,9.92499104982306,1.93399302391916,1.69061237624017,342.196923321414,25170,3.23,"Tropical",7.15,0.13986013986014,171.8667003,6.02,7078006.41355273,7.15,5.8,9220.6181818182,0.050001
"Italy",3.57836756834401,0.455511488888889,0.9267,0.46,0.998742264,0.643359790634593,0.998089671134948,12.333497073434,11.9562727561845,1.80252901089319,1.86944518766718,438.300652879141,538216,48.12,"Temperate",4.52,0.221238938053097,184.9341374,7.8,1269333718.93913,4.52,215,5891.83282377623,5.200001
"Jamaica",2.98367198922778,0.1332715,0.809,0.017,NA,0.668902437337082,0.571713303977793,9.56887268085333,8.04201181711737,2.38666685025153,1.48179693826973,322.29,263284,2.7,"Tropical",6.45,0.155038759689922,132.2742737,6.273333333,3251170.63707709,6.45,220,158.025578512396,6.600001
"Jordan",3.77163509956383,0.4120205,0.55755,0.498,0.313181557,0.602676415542186,-0.756317480043931,6.46939125119104,6.47711221325003,1.39459316393458,1.38656935907417,341.76,97,2.6,"Tropical",7.29,0.137174211248285,136.9899678,1.55,25452.7747987391,7.29,0.3,12931.8181818182,0.002001
"Japan",3.49378176951457,0.6978456,0.76,0.035,0,0.609912850897478,1.03047084266489,15.1683335959441,13.4419812267073,1.51542639218391,1.90135113256425,386.388973056183,4464772,116.98,"Temperate",4.92,0.203252032520325,150.3731676,17.24333333,6494526386.78919,4.92,560,18985.9557174242,31.200001
"Kazakhstan",1.6519618508296,0.9064171,0.8277,0.514,0,0.665429851223622,-1.16321691599759,10.5642547505195,6.39623244252288,1.29347765213962,0.831143184265242,NA,NA,79.6,NA,7.31,0.136798905608755,138.5126128,1.29,60062258.4059825,7.31,NA,NA,NA
"Kenya",1.21940770728495,0.24202125,0.71465,0.927,1,0.564557137205616,-0.233613004061309,11.9388833958841,9.53117539779202,1.4714516992557,0.463192813052777,564.58,162794,27.84,"Tropical",7.38,0.13550135501355,206.4006842,1.13,882806180.120574,7.38,51,13907.1287878787,3.360001
"Kyrgyzstan",2.44298434804775,0.883702,0.8041,0.459,0,0.641648288691999,-0.634362602775747,4.18689611958735,6.17445444112091,0.834582348622166,0.774240248801993,NA,NA,13.16,NA,12.04,0.0830564784053156,147.7822316,0.56,322631.402648735,12.04,NA,NA,NA
"Cambodia",1.03992046011494,0.0699055,0.82865,0.101,0.999945028,0.642786250111539,-1.03481178933924,13.2022670544345,11.3075110667845,0.943854508309782,0.643118490718126,652.71,47676,70.68,"Tropical",7.24,0.138121546961326,136.8056356,13.18333333,255413845.553834,7.24,960,3889.92840909091,16.000001
"Kiribati",NA,NA,NA,0.019,0.995288008,0.614449142228673,0.86836404692043,11.2285675583219,2.12389330425067,0.790316961248414,1.14781692227978,332.47871694017,3437132,NA,"Tropical",NA,NA,152.6308214,23.94666667,3178315.24127124,NA,25,3272.00395256917,8.050001
"St. Kitts & Nevis",NA,NA,NA,0.012,0.99490316,NA,1.05299484729767,10.310781290711,0.693147180559945,1.59844146707112,1.80232682214774,358.56,10209,NA,"Tropical",7.26,0.137741046831956,174.9162732,8.1,945.377870458779,7.26,6.6,7513.72727272727,0.400001
"South Korea",3.92864128069885,0.7173696,0.766,0.01,0,0.733589185560491,0.704743347384713,14.3579508044872,13.10511085945,1.31967345164721,1.32139380654988,936.51,473280,27.62,"Temperate",4.48,0.223214285714286,161.7990625,16.08666667,2380657326.41725,4.48,610,8506.32762552446,46.800001
"Kuwait",4.42481556742738,0.27589905,NA,0.605,0.428375443,0.766767963608187,-0.596179634332657,8.45641969488215,5.75872252064576,1.52008712642771,1.6359432003237,1734.62,11786,0.02,"Tropical",5.54,0.180505415162455,129.6663358,3.423333333,72254.3901967828,5.54,70,167.3375,0.600001
"Laos",1.08212427202094,NA,0.79675,0.697,0,0.625515193230839,-1.70849714495919,10.6126087393194,11.3710282672864,1.20523228481989,1.30032662130019,NA,NA,22.39,"Tropical",7.15,0.13986013986014,137.2285371,7.39,132987.51146197,7.15,NA,NA,NA
"Lebanon",3.60921764624548,0.3284498,0.57415,0.198,0.998895434,0.663348631289359,-0.433549417690797,8.16179016551943,6.97728134163075,1.87439057198964,1.60388640795017,335.42,19265,2.81,"Temperate",NA,NA,138.8374268,2.3,1166274.08349266,NA,80,326.746753246754,0.280001
"Liberia",1.09637485692156,NA,0.5711,0.917,1,0.547321257475858,-0.198819347233935,9.44349185824499,3.26853141531406,1.93311237249575,0.751187253716939,585.67,246093,7.25,"Tropical",2.17,0.460829493087558,145.1472206,1.853333333,2367685.07184257,2.17,150,632.5,1.000001
"Libya",3.11958935330947,NA,NA,0.538,0.332446495,0.668933824531828,-1.4643609252843,10.4972695930416,4.53844746303568,2.36896443437443,1.29032079202654,330.01,355604,6.05,"Temperate",NA,NA,150.2756478,NA,3091479.66468238,NA,32,3025.66893939394,1e-06
"St. Lucia",NA,0.38768825,NA,0.02,0.989974937,0.710011109188248,1.09339975227009,7.58371005900171,2.443713690004,1.20397280432594,1.80229463736417,427.41,15472,NA,"Tropical",5.51,0.181488203266788,130.691428,9.04,377.171898338033,5.51,17.6,229.7005602537,0.860001
"Liechtenstein",NA,NA,NA,0.092,0,NA,1.42165103825656,0,0,NA,NA,NA,NA,NA,NA,NA,NA,NA,NA,NA,NA,NA,NA,NA
"Sri Lanka",2.138529192959,0.3949522,0.6903,0.446,0.999499593,0.658354275851223,-0.38772266459736,12.9408739833578,9.72927277591434,2.32407134130136,0.966992694708096,584.88,530945,19.81,"Tropical",10.19,0.098135426889107,135.5237968,9.57,429641174.908717,10.19,1680,1549.33526525974,8.400001
"Lesotho",1.31466029694388,0.1969205,0.7657,0.091,1,0.617958330480022,0.0260641219263726,3.90289052186487,6.0775796892658,1.35205468602594,1.47583932228242,NA,NA,0.06,"Temperate",4,0.25,147.0756899,0.643333333,818126.79873006,4,NA,NA,NA
"Lithuania",1.54064563475944,0.809191927272727,0.9008,0.404,0,0.667196930834634,0.93107408285141,11.8136554510468,8.17300489881707,1.54338874524071,1.38583644562178,1930.57,6139,1.46,"Temperate",6.1,0.163934426229508,178.6847,9.563333333,52215797.8396774,6.1,8.3,53317.8583916085,0.078001
"Luxembourg",3.2585307739343,0.737856425,NA,0.622,0.874994574,0.696281017254795,1.56819610162215,0,0,2.61135361068163,2.39893593785373,NA,NA,0.01,"Temperate",6.27,0.159489633173844,NA,8.85,93692.7040748817,6.27,NA,NA,NA
"Latvia",1.70778580935925,0.848892181818182,0.88545,0.526,0,0.653872126346878,0.805090725421905,11.7984064805089,6.4636613661447,1.00192031852181,1.21821072375388,1961.13,28986,4.15,"Temperate",7.34,0.136239782016349,160.6948471,7.53,20721992.2956368,7.34,18.9,22657.5571186441,0.177001
"Morocco",2.13022426954878,NA,0.6934,0.461,1,0.658865920708542,-0.680940833958712,13.9518137163876,6.85786004990788,1.45928034083522,1.16754510848181,1018.08212483797,577068,34.21,"Temperate",1.73,0.578034682080925,212.593639,6.303333333,8810608666.14451,1.73,610,8192.70427467536,1e-06
"Monaco",NA,NA,NA,0.652,0.479495268,NA,0.883047613230618,0.693147180559945,0,NA,NA,NA,NA,NA,"Temperate",NA,NA,NA,NA,NA,NA,NA,NA,NA
"Moldova",1.12186702943215,0.743610855555556,0.86735,0.389,0,0.741591444233861,-0.07568423924121,3.80464024438955,9.11950466676319,2.10587479874799,0.924868829732288,NA,NA,0.82,"Temperate",3.54,0.282485875706215,149.5784551,3.12,4906.90677710806,3.54,NA,NA,NA
"Madagascar",1.02002047079826,NA,0.7124,0.789,0.999014563,0.555225616157081,-0.579419569535689,11.7250404243166,9.0861646625613,1.9428084143823,0.986949897867884,490.9,1200330,65.92,"Tropical",8.82,0.113378684807256,138.8444964,1.35,1979127559.48264,8.82,640,883.05558181818,69.000001
"Maldives",NA,0.0492567,NA,0,NA,0.748435968117051,-0.41110057417642,11.7960099391914,0,1.18280234610115,2.16353632002143,383.001,916011,NA,"Tropical",4.44,0.225225225225225,155.2263964,45.36666667,3404246.42374849,4.44,169,4576.57680250783,0.870001
"Mexico",2.8540850400364,0.31459921,0.71,0.106,0.054404486,0.656393123515288,0.0570947477429978,14.2399709000753,11.9809336812143,1.58503073003533,1.39733023039473,518.579006940174,3273549,148,"Tropical",3.4,0.294117647058824,158.503144,4.733333333,6783665184.73538,3.4,740,3752.09830902222,1e-06
"Marshall Islands",NA,0.6981484,NA,0.457,0.646879756,NA,1.15565363927321,11.1014637768975,0.458057558227335,0.96649033954682,1.0674461736102,224.63,1992022,NA,"Tropical",NA,NA,152.3326223,NA,1222691.82425526,NA,5.6,12743.7729020979,1.612001
"North Macedonia",2.82573764639518,NA,0.84275,0.495,0,0.70640373003869,-0.032345851375298,5.45142854524219,7.08726986962703,1.43834222056388,1.34061418838994,NA,NA,1.19,"Temperate",4.62,0.216450216450216,133.3109988,1.616666667,165343.142158987,4.62,NA,NA,NA
"Mali",1.04180986170118,0.06667515,0.5118,0.873,1,0.495209525074357,-0.116968519985676,11.4699164215101,7.49211435924998,0.362030344325946,0.445803486458286,NA,NA,56.92,"Tropical",6.66,0.15015015015015,118.6603864,1.833333333,2494277.48750357,6.66,NA,NA,NA
"Malta",NA,0.3174681,0.785,0.255,0.964564604,0.669809645284725,1.17378724705089,7.62123970326372,8.24229310446352,2.73016572810966,1.17641744667031,365.63,55542,NA,"Temperate",6.24,0.16025641025641,145.9756444,8.533333333,1399522.5542475,6.24,4.9,3891.554,0.120001
"Myanmar (Burma)",1.17202240958491,NA,0.64125,0.522,0,0.670140960856954,-1.49936590411446,14.4792537847476,13.6259657988668,0.910437321417047,1.09217330216336,888.96,511389,140.4,"Tropical",5.43,0.184162062615101,100.2629235,16.14333333,7703999790.05927,5.43,6900,2307.12003859091,120.000001
"Montenegro",2.38245137966541,0.7238669,NA,0.244,0,0.67718838772037,0.168700321831486,7.3120257343829,6.55793987142059,1.70127483702076,1.70806352904465,509.45,7460,1.42,"Temperate",7.69,0.130039011703511,165.1681589,3.283333333,19079.3927761551,7.69,NA,NA,NA
"Mongolia",1.33919850950678,0.6757307,0.88275,0.179,0,0.672739727717778,0.191564579917626,4.62586368194007,0,0.771685178208083,1.34206791984952,NA,NA,23.56,NA,10.56,0.0946969696969697,NA,0.203333333,42741.9475900511,10.56,NA,NA,NA
"Mozambique",1.05928910621608,0.06785455,0.80975,0.926,0,0.516798923274945,-0.253014366057786,12.1523615981962,6.76702923564733,1.81245825450235,1.05401489105237,574.442201678839,880251,43.3,"Tropical",3.59,0.278551532033426,125.0425073,3.38,1371328321.62158,3.59,900,1730.98099173554,30.800001
"Mauritania",1.03076674743039,NA,0.6046,0.228,1,0.563763128029926,-0.889746882698753,12.7168304488146,0,0.832536908912671,0.287365930530167,2453.7,204596,3.53,"Temperate",3.99,0.25062656641604,183.7520198,2.676666667,265775633.443265,3.99,184,7575.22107438016,2.200001
"Mauritius",NA,0.4304164,NA,0.216,0.958531094,0.706459212184298,0.838099468838085,9.2043497366256,6.28486489808802,1.650294233569,1.03523615096129,239.37,1272765,NA,"Tropical",3.02,0.33112582781457,130.7017672,7.34,20923244.2514498,3.02,23.7,1203.98443051201,2.436001
"Malawi",1.03324461099931,NA,0.68935,0.692,0.998772253,0.522759663081682,-0.127726109402085,11.5198279515407,8.09598526745012,1.7321019827964,0.632100381216944,NA,NA,32.91,"Tropical",6.45,0.155038759689922,262.5686288,2.636666667,5595446.30055571,6.45,NA,NA,NA
"Malaysia",2.75784386749115,0.5288427,NA,0.735,0.982792953,0.689348192236356,-0.398396564478224,14.1793982094949,12.472807997406,1.3423154127218,1.11170861811051,840.225368544385,293601,49.08,"Tropical",3.16,0.316455696202532,134.8546935,16.82333333,1009924055.82095,3.16,430,9444.71953131311,32.400001
"Namibia",1.21269135017565,NA,0.80585,NA,NA,0.593534237533268,0.458889709277586,13.0058853307883,6.15489283574065,1.00637370343487,1.02755139525813,1541.85,560101,27.65,"Temperate",3.44,0.290697674418605,169.3761678,3.573333333,160609102.072968,3.44,23.6,79552.4704545455,1e-06
"Niger",0.841011541862109,0.0327811,0.5585,0.571,1,0.472592703916669,-0.41095858541402,10.5325397499446,4.97044441351301,0.599300601033221,0.462199112325833,NA,NA,9.51,NA,20.51,0.0487567040468064,128.7189026,0.636666667,9624135.79542075,20.51,NA,NA,NA
"Nigeria",1.32102181485223,0.44356,0.57445,0.89,0.999037629,0.53133946003238,-0.590650975704193,13.381898188195,12.2748653151599,1.70536992729819,0.690062525182864,834.69,216325,93.52,"Tropical",6.63,0.150829562594268,125.5651186,3.193333333,3680046411.2859,6.63,4700,1437.34045454546,78.000001
"Nicaragua",1.54721901249961,NA,0.82725,0.052,0.026490103,0.639733456913238,-0.55905651233413,10.5348826293198,9.89235720300742,1.98616988120269,1.01172199623558,418.255553031595,222754,25.62,"Tropical",4.18,0.239234449760766,137.6302924,1.536666667,249685803.556421,4.18,33,3586.32897727272,0.960001
"Netherlands",3.30901124061759,0.67165157,0.839,0.405,0.99633216,0.653242213061234,1.53838007016615,12.90674778342,10.899479171432,1.51207520255869,1.48088751719029,1183.15067691496,87234,16.84,"Temperate",6.97,0.143472022955524,158.1669494,6.873333333,1240944587.38745,6.97,8.7,169321.740740741,0.135001
"Norway",NA,0.725120577777778,0.855,0.067,0,0.657346100168333,1.65868548913435,14.6531923447844,13.913817506934,1.50828416145105,1.0515880550706,481.622179759846,2473667,52.28,"Temperate",4.54,0.220264317180617,127.4720397,14.58,703447654.993722,4.54,66,170715.137704545,0.600001
"Nepal",1.46134293438781,0.1671503,0.65755,0.755,0.999923806,0.611060367758944,-0.405949375846169,9.96358583265051,10.440039400873,0.60077386042893,0.556241162848433,NA,NA,15.31,NA,7.05,0.141843971631206,128.0167562,0.843333333,90234.9236239123,7.05,NA,NA,NA
"Nauru",NA,NA,NA,0.487,0.946656649,NA,0.864810613068667,6.22185450694296,0.226773319364789,NA,NA,421.54,308506,NA,"Tropical",NA,NA,155.4708128,NA,NA,NA,NA,1257.22727272727,0.124001
"New Zealand",2.38535025967154,0.662434283333333,0.833,0.291,0.159316185,0.653819773944328,1.55082754655318,13.0090358302785,11.5770078451595,1.51609491168623,1.66624585800463,424.85064045315,4737149,34.5,"Polar",10.35,0.0966183574879227,132.989747,6.67,143474678.100964,10.35,24,42536.8127622378,1.690001
"Oman",3.568520763636,0.443225066666667,NA,0.698,0,0.758868110141655,-1.05495196039026,12.1489124135068,5.15717846650063,0.966640193257484,1.17914276744399,1328.70216180532,536237,1.97,"Tropical",2.8,0.357142857142857,134.8304221,7.43,10635560.803485,2.8,89,4975.05454545455,1.140001
"Pakistan",2.07747297505871,0.249233055555556,0.55585,0.752,0.999937154,0.597533559067114,-0.781792678616263,13.0601438138898,11.8585112416459,1.10293487970397,1.03877249560892,1563.01,222255,125.61,"Tropical",8.4,0.119047619047619,128.9429472,0.593333333,13271805557.9161,8.4,8800,407.412,45.000001
"Panama",2.22222813887376,0.4275599,0.9625,0.287,0.161045233,0.646010447298595,0.531345665454865,12.1702975530386,9.03456421993451,1.37065223777155,1.34451412904885,631.282832551854,330783,20.96,"Tropical",5.32,0.18796992481203,165.157405,5.12,51034478.0192517,5.32,23.1,14382.6794155844,0.420001
"Peru",1.79262677550257,0.51225384,0.8362,0.339,0.189531603,0.645926966195339,0.170153617858887,15.5764840402979,11.244236684667,0.888030384048715,1.01387394452033,1014.1,856955,56.94,"Temperate",5.5,0.181818181818182,184.0936101,7.26,7361151344.11211,5.5,432,81868.5356313132,3.600001
"Philippines",1.89641803258432,0.5969656,0.64775,0.842,0.999722356,0.631159039311722,0.030903308737007,14.6497390863856,13.5333572687363,1.47637765667515,0.633114272474941,342.331,2263816,92.93,"Tropical",2.1,0.476190476190476,130.160808,8.64,11812724232.9318,2.1,11000,1609.0487930622,190.000001
"Palau",NA,0.880483,NA,0.47,0.836934774,NA,1.19852309877222,6.87177193806169,3.23926091555286,1.22009599428619,1.52216984216586,250.85,604253,NA,"Tropical",NA,NA,99.99682077,NA,513.135345501381,NA,4.6,395.233163636364,0.800001
"Papua New Guinea",1.02330645097719,NA,NA,0.988,0.964038082,0.599536839467119,0.0232498716054993,12.3883373882102,7.25648968925345,1.1995141395938,0.988237622525599,364.49,2396575,69.1,"Tropical",NA,NA,153.9385093,NA,336137530.572528,NA,491,536.446467676767,216.000001
"Poland",2.17005204991891,0.8180082625,0.826,0.05,0,0.694242315759163,0.963765268976038,12.1497066983542,10.4694721592784,1.73651567461991,1.47145562283146,1701.43,32058,11.27,"Temperate",6.91,0.144717800289436,151.6314793,5.506666667,2517253864.86648,6.91,14.5,49835.6125252524,0.090001
"North Korea",1.10106719661256,NA,NA,0,0,0.693611837944281,-2.22162136164579,12.2660600590249,11.0809754344982,0.876563342424598,1.19252593766404,629.210059681441,113888,19.58,"Temperate",NA,NA,139.3218585,3.046666667,NA,NA,NA,NA,NA
"Portugal",3.52116075982481,0.284842827272727,0.888,0.066,0,0.651512979987358,1.1314562775872,12.2489405457573,9.09337345888298,1.69911891593628,1.67067001221168,396.825540807004,1721751,7.3,"Temperate",4.91,0.203665987780041,154.5568165,14.08666667,349942573.635555,4.91,75,9463.22375098813,1.840001
"Paraguay",2.25127429942158,0.320770955555556,0.807,0.215,0.941563807,0.636841046139291,-0.0777501914311539,9.75904489998147,8.4965911464891,0.77536459006917,1.47891061384899,NA,NA,29.13,NA,3.85,0.25974025974026,152.7912396,1.216666667,42523.5756959768,3.85,NA,NA,NA
"Palestinian Territories",4.23920768830553,0.359540872727273,NA,0.303,1,0.570804740834945,NA,7.76135789786922,5.49338205892521,1.55629618868477,1.46907129886517,376.01,2591,NA,"Temperate",6.51,0.153609831029186,145.2686244,NA,268796.385988832,6.51,NA,NA,NA
"Qatar",4.26492637279596,0.436912377777778,NA,0.825,0.702501263,0.855675704328006,-1.07494509220123,9.58056761273898,3.58099049210275,0.597294251693159,1.23819383473287,1180.11,31819,0,"Tropical",3.92,0.255102040816327,100.1624512,NA,35175.1327634471,3.92,18.9,1837.28423475259,0.158001
"Romania",1.55166060693171,0.64847539,0.8827,0.153,0,0.675084272755953,0.440556276928295,8.69480671308815,9.26219378764834,1.49671073140506,1.16381480205116,1266.53,29756,8.88,"Temperate",4.04,0.247524752475248,149.7393045,1.66,13592305.8390402,4.04,73,717.479636363635,0.460001
"Russia",2.01119050286875,0.8202943,0.777,0.283,0,0.695693023099711,-0.996378622271799,15.2123254968566,11.8083274349122,1.03943103191107,1.23638149183233,502.34134581034,7882954,1137.2,"Temperate",6.82,0.146627565982405,100.5302095,6.896666667,20317085884.1465,6.82,1240,10991.2344497608,7.600001
"Rwanda",1.04840376785522,0.0813932,0.79505,0.089,0.999727487,0.567196460993366,-1.21859667517922,9.7616987848102,6.45046467747738,0.595727386783805,0.587655223729404,NA,NA,3.37,NA,5.5,0.181818181818182,219.8443746,2.176666667,4015947.14812546,5.5,NA,NA,NA
"Saudi Arabia",3.68743704495442,0.4838389,NA,0.427,0.954975693,0.711564586257833,-1.79668396169489,11.1163655873326,9.99483223551253,1.30721763592506,1.18590610830629,788.476455328271,220184,4.19,"Tropical",4.41,0.226757369614512,117.7890696,3.236666667,40993992.2325233,4.41,40,5245.52540106952,0.340001
"Sudan",1.1304569859609,NA,0.445,0.307,NA,0.550522829272476,-1.76483935659582,10.432579329709,8.27410200229233,0.804617943750819,1.18916878061477,713.67,92513,76.23,"Tropical",3.52,0.284090909090909,NA,0.306666667,9518027.46685307,3.52,38,4207.42222222222,0.270001
"Senegal",1.51193721578752,0.0623076,0.71575,0.778,0.996636775,0.534648059292998,0.0533862072889778,12.9822493275921,6.30647931391014,1.15875028074257,0.861978794513693,1393.03,157709,16.23,"Tropical",2.92,0.342465753424658,179.2203503,5.15,1436313647.30958,2.92,654,5180.66258658008,1.680001
"Singapore",NA,0.658609263636364,0.73,0.761,0.709370426,0.783206545326184,-0.129963614723899,7.56743968306384,8.53656940160636,1.95464585533326,1.70506980062541,1931.71,673,NA,"Tropical",4.82,0.20746887966805,131.2346579,NA,24640890.7028895,4.82,33,502.143396753246,1.400001
"Solomon Islands",1.24162963842384,NA,NA,0.968,0.973743564,0.560473394757044,0.199541572925889,10.7090083500516,1.28785428830664,0.961201800483343,1.21563112811075,265.4,1596464,3.4,"Tropical",NA,NA,154.1933874,11.4,10083342.2551268,NA,19.6,2486.53316666667,7.560001
"Sierra Leone",1.28090867747532,NA,0.576,0.841,0.928337502,0.550982311682984,-0.230686155232516,12.1602433436785,4.23673808506332,1.05112914295486,1.20453844216122,651.22,159300,8.28,"Tropical",4.08,0.245098039215686,184.817481,7.746666667,52130834.0522812,4.08,241,6164.78005865103,1.550001
"El Salvador",2.53945516438573,0.2535422,0.861,0.003,0.001274291,0.638718532024921,0.0836129895496099,10.8419684336379,8.40888753500506,1.64481354083403,1.1086772163604,510.72,93713,3.33,"Tropical",5.8,0.172413793103448,149.0080758,2.41,92180701.8739769,5.8,41,2780.2715,3.000001
"San Marino",NA,NA,NA,0,0,NA,1.1833952665329,0,0,NA,NA,NA,NA,NA,"Temperate",NA,NA,NA,NA,NA,NA,NA,NA,NA
"Somalia",1.25093693202392,NA,0.5406,0.35,0,0.500333183447893,-1.99730443954468,10.3089859934221,0,0.829773161132588,1.67572526718228,848.52,831059,19.49,"Tropical",NA,NA,194.8009856,NA,NA,NA,481,491.803278688525,17.080001
"Serbia",2.92641398656504,0.6661999125,0.89615,0.224,0,0.668791161476739,0.220654455394569,8.22382224066516,8.85963523556192,1.80953296516984,1.28807906779819,NA,NA,1.72,"Temperate",3.9,0.256410256410256,142.5892545,1.716666667,2526757.04728134,3.9,NA,NA,NA
"South Sudan",1.10983181644024,0.143358,NA,0.929,0.995500208,0.541025809243428,NA,10.5078308414206,3.04452243772342,NA,1.39754660597026,NA,NA,NA,NA,NA,NA,NA,NA,NA,NA,NA,NA,NA
"São Tomé & Príncipe",NA,0.3767452,NA,0.63,0,0.537778468604435,0.223226575011557,8.86984550998077,0,1.65345479785087,1.88372505878178,687.37,165345,NA,"Tropical",5.96,0.167785234899329,130.4463208,9,998.93590928821,5.96,47,646.652892561984,0.550001
"Suriname",2.11079929024347,0.219633,NA,0.709,0,0.654853202083214,0.418307943777604,10.4822997234327,4.56050559085266,1.68864651534862,1.14627903453632,867.52,127817,8.64,"Tropical",7.08,0.141242937853107,132.3162751,4.826666667,2666414.00314616,7.08,252,851.714177489178,10.080001
"Slovakia",1.96104660341538,0.855053416666667,0.835,0.247,0,0.706950861485014,0.938284960660068,7.5251007461258,7.07791990550546,1.89494885448896,1.45865047071024,NA,NA,0.65,NA,7.95,0.125786163522013,143.6613812,2.506666667,2338711.22699441,7.95,NA,NA,NA
"Slovenia",2.33329551201763,0.781664090909091,0.93365,0.167,0,0.673167571054254,1.01170752807097,6.5836631821124,7.20149623201772,1.71550766224021,1.75078620749456,341.15,192,0.75,"Temperate",5.23,0.191204588910134,170.7237895,3.076666667,1896966.62809121,5.23,NA,NA,NA
"Sweden",3.02929209605744,0.757693009090909,0.895,0.226,0,0.630971651772068,1.59079028259624,12.241546400041,9.30510494842061,1.69633055407251,1.90611231540888,1771.57665128787,156926,70.76,"Temperate",5.33,0.187617260787992,155.6414446,8.686666667,606862443.71423,5.33,14,50747.4630021142,0.129001
"Eswatini",1.62780532838534,NA,0.7881,0.209,0.993218193,0.569499419404042,-1.33519299463792,4.13298235492752,4.71177992104635,0.669577065852835,1.29595913659971,NA,NA,0.06,"Tropical",7.14,0.140056022408964,144.2073522,1.193333333,13984.607111308,7.14,NA,NA,NA
"Seychelles",NA,NA,NA,0.116,0.946265512,0.695518050978617,0.074361114043065,11.3355458584174,4.82627529745842,1.51188886795972,0.924878534895204,357.03,1331964,NA,"Tropical",3.15,0.317460317460317,151.1738882,NA,1591682.0727171,3.15,6.9,32257.2797202797,0.728001
"Syria",1.83470802981826,0.214802,0.5838,0.363,0.209606144,0.629526491338115,-1.84671560200778,8.71411969605338,8.74309656727249,1.50260881369475,1.16757480966473,350.12,10189,12.02,"Temperate",NA,NA,133.4997489,NA,NA,NA,17,4117.8484848485,0.060001
"Chad",1.02238380471134,0.0510442,0.53975,0.933,0.847196737,0.497186409071353,-1.37464400854978,11.4853029051827,4.06997597120514,0.627506824331879,0.899200342219212,NA,NA,41.16,NA,6.77,0.147710487444609,124.4679267,3.576666667,508558.603080228,6.77,NA,NA,NA
"Togo",1.59873965362971,0.0905326,0.6595,0.905,0.999386425,0.55061338257982,-0.827553906223991,10.0657803200976,4.10788878732986,1.68984902577714,0.470122497241454,744.88,15442,1.84,"Tropical",13.29,0.0752445447705041,176.6158319,3.196666667,30099798.7908774,13.29,47,2143.90082644628,0.550001
"Thailand",2.48407767604523,0.27777705,0.7697,0.752,0,0.714237467048267,-0.687211345542562,14.4448487936054,13.9770692853883,1.58259448934438,0.945617870864772,724.030532216183,305778,198.69,"Tropical",3.22,0.31055900621118,148.4008145,8.446666667,32178323386.9649,3.22,4710,3767.540661055,121.500001
"Tajikistan",2.21753345789035,NA,0.76835,0.276,0,0.61215653761838,-1.50861695679751,6.61910303910039,5.73645498854598,NA,0.812815885691312,NA,NA,2.98,NA,7.95,0.125786163522013,146.8345351,0.133333333,NA,7.95,NA,NA,NA
"Turkmenistan",2.61847114034842,NA,NA,0.457,0,0.654812522561746,-2.16685199737549,9.61587214452889,3.41024721718207,0.3828597229338,1.24174963293489,NA,NA,18.73,NA,NA,NA,144.9360735,1.02,13789.9129356979,NA,NA,NA,NA
"Timor-Leste",1.4478036014896,NA,0.745,0.819,0,0.561269219773734,0.175673218613321,8.06706348817264,3.94422614592278,1.4085728592602,1.16708664209333,580.519,77051,5.78,"Tropical",NA,NA,154.0063626,1.863333333,46295.1912913747,NA,NA,NA,NA
"Tonga",NA,0.386569,NA,0.029,0.990336333,0.575987299067275,0.405869707973166,7.61386355502155,0.958827618761954,1.68969941455113,1.13745041226556,217.863,664751,NA,"Tropical",NA,NA,134.6669715,NA,88195.1264336134,NA,14,266.670992822967,1.292001
"Trinidad & Tobago",4.01366729062899,0.602513133333333,0.8707,0.599,0.50617284,0.696539232828249,0.522354036569595,9.49369262974902,2.73525259577328,1.4789569319379,1.42044116953188,1088.19,79798,0.51,"Tropical",11.01,0.0908265213442325,115.9529455,6.373333333,675728.717254858,11.01,199,110.742840909091,12.000001
"Tunisia",2.65830367683949,0.1290062,0.6627,0.122,0.06351615,0.685449873617514,-0.331068861890922,11.5673104174811,9.0215762884206,2.16310019926415,0.97470938636989,476.13,102047,7.88,"Temperate",4.1,0.24390243902439,167.2941729,3.65,194401502.211984,4.1,249,1929.94775192603,5.900001
"Turkey",2.89723724559815,0.297455154545455,0.8229,0.345,0.986359405,0.665313466687953,-0.330201903527433,13.0271037963199,12.1640655740836,1.83668049489645,1.00732721959068,784.129964655213,256332,66.62,"Temperate",5.97,0.16750418760469,172.5505812,1.453333333,1791303690.55789,5.97,600,6463.39054545455,2.000001
"Tuvalu",NA,NA,NA,0.02,1,NA,0.888694969090548,9.02749867993534,1.16315080980568,0.966984483954017,1.42784007559212,215.76,751672,NA,"Tropical",NA,NA,152.5999299,NA,26744.6255213422,NA,NA,NA,NA
"Taiwan",NA,NA,NA,0.489,0,0.73856652621442,0.884837291457437,13.7522399074541,12.6589029177999,1.26918742246047,1.19184639140415,374.998,1148485,11.04,"Temperate",2.52,0.396825396825397,145.616035,8.183333333,NA,2.52,730,4042.70589424048,55.800001
"Tanzania",1.03545126916372,0.0339596,0.6443,0.871,1,0.527799566137229,-0.205394301902164,12.7959811083313,7.5631415893902,1.36116547320067,0.599196758777645,530.15,241129,97.7,"Tropical",4.29,0.233100233100233,209.9562147,2.24,3414636653.84201,4.29,194,8242.92146694216,3.960001
"Uganda",1.03989806402812,0.0968496,0.66635,0.929,1,0.501296479279889,-0.560539895837957,12.9302916050055,11.34908266489,1.86436835686521,1.00260351968173,NA,NA,53.45,NA,8.61,0.116144018583043,182.4787257,3.836666667,2167714598.08513,8.61,NA,NA,NA
"Ukraine",1.53603410791246,NA,0.8575,0.489,0,0.690666497542521,-0.0809563389524225,12.0943302000248,10.0613143502715,0.7942127894968,0.915327552270641,972.96,132414,51.96,"Temperate",5.39,0.185528756957328,159.8572625,2.913333333,221199507.712445,5.39,41,8088.62187272728,0.500001
"Uruguay",2.68738779636571,0.27473057,0.778,0.111,0.057378821,0.644316419661942,1.12499916553497,11.3203234610007,4.6247793899446,1.13988534589073,1.05810253104196,1510.17,133014,11.54,"Temperate",5.46,0.183150183150183,103.6036567,2.506666667,32335207.9537674,5.46,5.7,31761.9224125874,0.624001
"United States",3.50794407198919,0.87543408,0.821,0.333,0.194023505,0.661333882858372,1.10417774590579,15.3840670991154,13.0397385966231,1.45703944078782,2.06778689462704,469.565258357246,12159179,870.31,"Temperate",6.63,0.150829562594268,121.9020556,5.263333333,31194751536.9477,6.63,460,18785.9331168831,25.200001
"Uzbekistan",2.42603014701022,0.9203311,0.8525,0.466,0,0.675865117494735,-1.96198451519012,9.28951277097103,9.67661147582587,1.55727509478033,0.700008502716162,NA,NA,30.53,NA,NA,NA,154.2609448,0.636666667,10167710.0011216,NA,NA,NA,NA
"St. Vincent & Grenadines",NA,NA,NA,0.01,0.997116078,0.670426535941724,1.01786046136509,10.8260187719997,0,1.92526472182042,1.68354066700142,561.91,36304,NA,"Tropical",3.68,0.271739130434783,171.4345657,5.286666667,4306.41717313313,3.68,10,10267.7551020408,0.490001
"Venezuela",2.87680453497391,0.4839916,0.9611,0.04,0.020197567,0.652547200673683,-1.01873395659707,12.4682508787089,10.0220447631892,1.00514103423509,1.76573695345004,795.66,474769,127.18,"Tropical",1.22,0.819672131147541,161.4550077,2.816666667,41757460.6212652,1.22,560,2567.87621487604,26.400001
"Vietnam",1.98783070117732,0.2567995,0.78025,0.267,0,0.703118080476466,-1.42525585131212,14.703985221608,14.8501307988581,1.69242236637491,1.22618312055025,419.009,1395096,93.58,"Tropical",6.68,0.149700598802395,168.3546875,9.41,107375258575.097,6.68,12100,2497.83498441559,84.000001
"Vanuatu",1.82786083832404,NA,NA,0.973,0.967278847,0.572050839455903,0.529024985703555,11.6337742610235,4.09241588533816,0.956931892076423,1.08345386641936,294.29,827626,0.4,"Tropical",NA,NA,149.9416616,9.133333333,6042067.51627963,NA,24,8684.75560979023,5.850001
"Samoa",NA,0.7246523,NA,0.174,0.904812834,0.566699395380084,0.583561683242971,9.34701454815155,1.92792719847611,1.27731726374189,0.982099901213182,195.59,131535,NA,"Tropical",NA,NA,144.2954629,12.75666667,299370.662473309,NA,13.1,955.73659848485,2.400001
"Yemen",0.957200899508032,NA,0.3983,0.581,1,0.565122358274611,-1.44228274172003,12.1419010873565,4.87519732320115,1.08540345517968,0.896664802095913,1094.14776705601,545101,4.47,"Tropical",11.43,0.0874890638670166,135.6729289,1.463333333,1238857522.96004,11.43,266,4080.13043478261,0.920001
"South Africa",2.14797181864114,0.572659344444444,0.85805,0.871,0.904126843,0.656794418135625,0.613659501075745,13.291551337581,8.29048869707374,1.47038394028713,1.18563520187316,727.325441468006,1539312,23.55,"Temperate",4.58,0.218340611353712,178.6548454,1.816666667,2363870620.01503,4.58,111,12959.3598023715,9.200001
"Zambia",1.35174772213242,NA,0.60155,0.83,0.990379124,0.517587221659298,-0.204704235223207,11.2526911124472,9.5208685639418,0.780908286706535,0.811409931221249,NA,NA,59.49,NA,13.41,0.0745712155108128,134.4334584,3.41,3932586.02546031,13.41,NA,NA,NA
"Zimbabwe",1.20746518497264,0.103513,0.7684,0.597,0.978611346,0.546034417685236,-1.34730965440924,9.42194119797715,8.76325749826047,1.25591726974162,0.867726610682108,NA,NA,9.21,"Tropical",5.62,0.177935943060498,142.902104,1.093333333,38989530.2369566,5.62,NA,NA,NA
